{
  "version": 1,
  "author": "Anonymous maker",
  "editor": "wokwi",
  "parts": [
    { "type": "wokwi-breadboard", "id": "bb1", "top": -41.4, "left": 12.4, "attrs": {} },
    {
      "type": "wokwi-pi-pico",
      "id": "pico",
      "top": -37.7,
      "left": 506.85,
      "rotate": 90,
      "attrs": { "env": "micropython-20241129-v1.24.1" }
    },
    { "type": "wokwi-pir-motion-sensor", "id": "pir1", "top": -82.4, "left": 2.22, "attrs": {} },
    {
      "type": "wokwi-relay-module",
      "id": "relay1",
      "top": 150.2,
      "left": 50.8,
      "rotate": 90,
      "attrs": {}
    },
    {
      "type": "wokwi-led",
      "id": "led1",
      "top": -32.4,
      "left": 176.6,
      "attrs": { "color": "red" }
    },
    {
      "type": "wokwi-resistor",
      "id": "r1",
      "top": 72,
      "left": 172.25,
      "rotate": 90,
      "attrs": { "value": "220" }
    }
  ],
  "connections": [
    [ "bb1:59b.j", "bb1:bp.48", "red", [ "v0" ] ],
    [ "bb1:56b.j", "bb1:bn.46", "black", [ "v0" ] ],
    [ "bb1:1t.e", "bb1:bp.1", "red", [ "h-19.2", "v96.9" ] ],
    [ "bb1:3t.e", "bb1:bn.1", "black", [ "v57.6", "h0.8" ] ],
    [ "bb1:56t.a", "bb1:tn.45", "black", [ "v0" ] ],
    [ "bb1:17t.b", "bb1:tn.11", "black", [ "h-19.2", "v-38.4", "h0.8" ] ],
    [ "bb1:2t.b", "bb1:44t.b", "magenta", [ "v0" ] ],
    [ "relay1:COM", "bb1:18b.j", "blue", [ "v20.4", "h87.8" ] ],
    [ "bb1:10b.i", "bb1:bp.11", "red", [ "v19.2", "h48.8" ] ],
    [ "bb1:9b.i", "bb1:bn.11", "black", [ "h38.4", "v49.3" ] ],
    [ "bb1:8b.i", "bb1:44b.i", "orange", [ "v0", "h345.6" ] ],
    [ "relay1:NO", "bb1:63b.j", "gold", [ "v30", "h529.8" ] ],
    [ "pico:GP0", "bb1:63t.c", "", [ "$bb" ] ],
    [ "pico:GP1", "bb1:62t.c", "", [ "$bb" ] ],
    [ "pico:GND.1", "bb1:61t.c", "", [ "$bb" ] ],
    [ "pico:GP2", "bb1:60t.c", "", [ "$bb" ] ],
    [ "pico:GP3", "bb1:59t.c", "", [ "$bb" ] ],
    [ "pico:GP4", "bb1:58t.c", "", [ "$bb" ] ],
    [ "pico:GP5", "bb1:57t.c", "", [ "$bb" ] ],
    [ "pico:GND.2", "bb1:56t.c", "", [ "$bb" ] ],
    [ "pico:GP6", "bb1:55t.c", "", [ "$bb" ] ],
    [ "pico:GP7", "bb1:54t.c", "", [ "$bb" ] ],
    [ "pico:GP8", "bb1:53t.c", "", [ "$bb" ] ],
    [ "pico:GP9", "bb1:52t.c", "", [ "$bb" ] ],
    [ "pico:GND.3", "bb1:51t.c", "", [ "$bb" ] ],
    [ "pico:GP10", "bb1:50t.c", "", [ "$bb" ] ],
    [ "pico:GP11", "bb1:49t.c", "", [ "$bb" ] ],
    [ "pico:GP12", "bb1:48t.c", "", [ "$bb" ] ],
    [ "pico:GP13", "bb1:47t.c", "", [ "$bb" ] ],
    [ "pico:GND.4", "bb1:46t.c", "", [ "$bb" ] ],
    [ "pico:GP14", "bb1:45t.c", "", [ "$bb" ] ],
    [ "pico:GP15", "bb1:44t.c", "", [ "$bb" ] ],
    [ "pico:GP16", "bb1:44b.h", "", [ "$bb" ] ],
    [ "pico:GP17", "bb1:45b.h", "", [ "$bb" ] ],
    [ "pico:GND.5", "bb1:46b.h", "", [ "$bb" ] ],
    [ "pico:GP18", "bb1:47b.h", "", [ "$bb" ] ],
    [ "pico:GP19", "bb1:48b.h", "", [ "$bb" ] ],
    [ "pico:GP20", "bb1:49b.h", "", [ "$bb" ] ],
    [ "pico:GP21", "bb1:50b.h", "", [ "$bb" ] ],
    [ "pico:GND.6", "bb1:51b.h", "", [ "$bb" ] ],
    [ "pico:GP22", "bb1:52b.h", "", [ "$bb" ] ],
    [ "pico:RUN", "bb1:53b.h", "", [ "$bb" ] ],
    [ "pico:GP26", "bb1:54b.h", "", [ "$bb" ] ],
    [ "pico:GP27", "bb1:55b.h", "", [ "$bb" ] ],
    [ "pico:GND.7", "bb1:56b.h", "", [ "$bb" ] ],
    [ "pico:GP28", "bb1:57b.h", "", [ "$bb" ] ],
    [ "pico:ADC_VREF", "bb1:58b.h", "", [ "$bb" ] ],
    [ "pico:3V3", "bb1:59b.h", "", [ "$bb" ] ],
    [ "pico:3V3_EN", "bb1:60b.h", "", [ "$bb" ] ],
    [ "pico:GND.8", "bb1:61b.h", "", [ "$bb" ] ],
    [ "pico:VSYS", "bb1:62b.h", "", [ "$bb" ] ],
    [ "pico:VBUS", "bb1:63b.h", "", [ "$bb" ] ],
    [ "led1:A", "bb1:18t.a", "", [ "$bb" ] ],
    [ "led1:C", "bb1:17t.a", "", [ "$bb" ] ],
    [ "r1:1", "bb1:18t.e", "", [ "$bb" ] ],
    [ "r1:2", "bb1:18b.i", "", [ "$bb" ] ],
    [ "pir1:VCC", "bb1:1t.a", "", [ "$bb" ] ],
    [ "pir1:OUT", "bb1:2t.a", "", [ "$bb" ] ],
    [ "pir1:GND", "bb1:3t.a", "", [ "$bb" ] ],
    [ "relay1:VCC", "bb1:10b.j", "", [ "$bb" ] ],
    [ "relay1:GND", "bb1:9b.j", "", [ "$bb" ] ],
    [ "relay1:IN", "bb1:8b.j", "", [ "$bb" ] ]
  ],
  "dependencies": {}
}