{
  "version": 1,
  "author": "Anonymous maker",
  "editor": "wokwi",
  "parts": [
    { "type": "wokwi-breadboard", "id": "bb1", "top": 6.6, "left": 22, "attrs": {} },
    {
      "type": "wokwi-pi-pico",
      "id": "pico",
      "top": 10.3,
      "left": 516.45,
      "rotate": 90,
      "attrs": { "env": "micropython-20241129-v1.24.1" }
    },
    { "type": "wokwi-led", "id": "led1", "top": 15.6, "left": 368.6, "attrs": { "color": "red" } },
    {
      "type": "wokwi-resistor",
      "id": "r1",
      "top": 61.55,
      "left": 393.6,
      "attrs": { "value": "220" }
    },
    {
      "type": "wokwi-resistor",
      "id": "r2",
      "top": 61.55,
      "left": 259.2,
      "attrs": { "value": "220" }
    },
    {
      "type": "wokwi-buzzer",
      "id": "bz1",
      "top": -26.4,
      "left": 222.6,
      "attrs": { "volume": "0.1" }
    },
    {
      "type": "wokwi-gas-sensor",
      "id": "gas1",
      "top": 24.8,
      "left": 70.1,
      "rotate": 90,
      "attrs": {}
    }
  ],
  "connections": [
    [ "pico:GP0", "bb1:63t.c", "", [ "$bb" ] ],
    [ "pico:GP1", "bb1:62t.c", "", [ "$bb" ] ],
    [ "pico:GND.1", "bb1:61t.c", "", [ "$bb" ] ],
    [ "pico:GP2", "bb1:60t.c", "", [ "$bb" ] ],
    [ "pico:GP3", "bb1:59t.c", "", [ "$bb" ] ],
    [ "pico:GP4", "bb1:58t.c", "", [ "$bb" ] ],
    [ "pico:GP5", "bb1:57t.c", "", [ "$bb" ] ],
    [ "pico:GND.2", "bb1:56t.c", "", [ "$bb" ] ],
    [ "pico:GP6", "bb1:55t.c", "", [ "$bb" ] ],
    [ "pico:GP7", "bb1:54t.c", "", [ "$bb" ] ],
    [ "pico:GP8", "bb1:53t.c", "", [ "$bb" ] ],
    [ "pico:GP9", "bb1:52t.c", "", [ "$bb" ] ],
    [ "pico:GND.3", "bb1:51t.c", "", [ "$bb" ] ],
    [ "pico:GP10", "bb1:50t.c", "", [ "$bb" ] ],
    [ "pico:GP11", "bb1:49t.c", "", [ "$bb" ] ],
    [ "pico:GP12", "bb1:48t.c", "", [ "$bb" ] ],
    [ "pico:GP13", "bb1:47t.c", "", [ "$bb" ] ],
    [ "pico:GND.4", "bb1:46t.c", "", [ "$bb" ] ],
    [ "pico:GP14", "bb1:45t.c", "", [ "$bb" ] ],
    [ "pico:GP15", "bb1:44t.c", "", [ "$bb" ] ],
    [ "pico:GP16", "bb1:44b.h", "", [ "$bb" ] ],
    [ "pico:GP17", "bb1:45b.h", "", [ "$bb" ] ],
    [ "pico:GND.5", "bb1:46b.h", "", [ "$bb" ] ],
    [ "pico:GP18", "bb1:47b.h", "", [ "$bb" ] ],
    [ "pico:GP19", "bb1:48b.h", "", [ "$bb" ] ],
    [ "pico:GP20", "bb1:49b.h", "", [ "$bb" ] ],
    [ "pico:GP21", "bb1:50b.h", "", [ "$bb" ] ],
    [ "pico:GND.6", "bb1:51b.h", "", [ "$bb" ] ],
    [ "pico:GP22", "bb1:52b.h", "", [ "$bb" ] ],
    [ "pico:RUN", "bb1:53b.h", "", [ "$bb" ] ],
    [ "pico:GP26", "bb1:54b.h", "", [ "$bb" ] ],
    [ "pico:GP27", "bb1:55b.h", "", [ "$bb" ] ],
    [ "pico:GND.7", "bb1:56b.h", "", [ "$bb" ] ],
    [ "pico:GP28", "bb1:57b.h", "", [ "$bb" ] ],
    [ "pico:ADC_VREF", "bb1:58b.h", "", [ "$bb" ] ],
    [ "pico:3V3", "bb1:59b.h", "", [ "$bb" ] ],
    [ "pico:3V3_EN", "bb1:60b.h", "", [ "$bb" ] ],
    [ "pico:GND.8", "bb1:61b.h", "", [ "$bb" ] ],
    [ "pico:VSYS", "bb1:62b.h", "", [ "$bb" ] ],
    [ "pico:VBUS", "bb1:63b.h", "", [ "$bb" ] ],
    [ "r1:1", "bb1:37t.b", "", [ "$bb" ] ],
    [ "r1:2", "bb1:43t.b", "", [ "$bb" ] ],
    [ "bb1:43t.a", "bb1:44t.a", "red", [ "v0" ] ],
    [ "bb1:36t.b", "bb1:tn.28", "black", [ "h-9.6", "v-38.3" ] ],
    [ "led1:A", "bb1:37t.a", "", [ "$bb" ] ],
    [ "led1:C", "bb1:36t.a", "", [ "$bb" ] ],
    [ "bb1:56t.b", "bb1:tn.45", "black", [ "v0" ] ],
    [ "r2:1", "bb1:23t.b", "", [ "$bb" ] ],
    [ "r2:2", "bb1:29t.b", "", [ "$bb" ] ],
    [ "bb1:29t.a", "bb1:45t.a", "red", [ "v-57.6", "h153.6" ] ],
    [ "bb1:22t.b", "bb1:tn.15", "black", [ "h-28.8", "v-38.3" ] ],
    [ "bz1:1", "bb1:22t.a", "", [ "$bb" ] ],
    [ "bz1:2", "bb1:23t.a", "", [ "$bb" ] ],
    [ "gas1:AOUT", "bb1:12b.f", "", [ "$bb" ] ],
    [ "gas1:DOUT", "bb1:11b.f", "", [ "$bb" ] ],
    [ "gas1:GND", "bb1:10b.f", "", [ "$bb" ] ],
    [ "gas1:VCC", "bb1:9b.f", "", [ "$bb" ] ],
    [ "bb1:59b.i", "bb1:bp.48", "red", [ "v0" ] ],
    [ "bb1:61b.j", "bb1:bn.50", "black", [ "h9.6", "v39.7" ] ],
    [ "bb1:10b.j", "bb1:bn.7", "black", [ "v0" ] ],
    [ "bb1:9b.j", "bb1:bp.6", "red", [ "v0" ] ],
    [ "bb1:12b.j", "bb1:54b.j", "blue", [ "v0" ] ]
  ],
  "dependencies": {}
}