{
  "version": 1,
  "author": "Anonymous maker",
  "editor": "wokwi",
  "parts": [
    { "type": "wokwi-breadboard-half", "id": "bb1", "top": -31.8, "left": -141.2, "attrs": {} },
    {
      "type": "wokwi-pi-pico",
      "id": "pico",
      "top": -28.1,
      "left": 36.45,
      "rotate": 90,
      "attrs": { "env": "micropython-20241129-v1.24.1" }
    },
    { "type": "wokwi-dht22", "id": "dht1", "top": -95.7, "left": -120.6, "attrs": {} },
    {
      "type": "wokwi-resistor",
      "id": "r1",
      "top": 62.4,
      "left": -125.35,
      "rotate": 90,
      "attrs": { "value": "10000" }
    },
    { "type": "wokwi-led", "id": "led1", "top": 73.2, "left": -73, "attrs": { "color": "red" } },
    {
      "type": "wokwi-resistor",
      "id": "r2",
      "top": 52.8,
      "left": -77.35,
      "rotate": 90,
      "attrs": { "value": "220" }
    }
  ],
  "connections": [
    [ "bb1:23b.j", "bb1:bn.19", "black", [ "v0" ] ],
    [ "bb1:26b.j", "bb1:bp.21", "red", [ "v0" ] ],
    [ "bb1:bn.5", "bb1:5t.e", "black", [ "h-8", "v-106.9" ] ],
    [ "bb1:bp.1", "bb1:2t.d", "red", [ "v0" ] ],
    [ "bb1:3b.h", "bb1:bp.2", "gold", [ "h-86.4", "v96", "h84.8" ] ],
    [ "bb1:7b.j", "bb1:bn.6", "black", [ "v0" ] ],
    [ "pico:GP0", "bb1:30t.c", "", [ "$bb" ] ],
    [ "pico:GP1", "bb1:29t.c", "", [ "$bb" ] ],
    [ "pico:GND.1", "bb1:28t.c", "", [ "$bb" ] ],
    [ "pico:GP2", "bb1:27t.c", "", [ "$bb" ] ],
    [ "pico:GP3", "bb1:26t.c", "", [ "$bb" ] ],
    [ "pico:GP4", "bb1:25t.c", "", [ "$bb" ] ],
    [ "pico:GP5", "bb1:24t.c", "", [ "$bb" ] ],
    [ "pico:GND.2", "bb1:23t.c", "", [ "$bb" ] ],
    [ "pico:GP6", "bb1:22t.c", "", [ "$bb" ] ],
    [ "pico:GP7", "bb1:21t.c", "", [ "$bb" ] ],
    [ "pico:GP8", "bb1:20t.c", "", [ "$bb" ] ],
    [ "pico:GP9", "bb1:19t.c", "", [ "$bb" ] ],
    [ "pico:GND.3", "bb1:18t.c", "", [ "$bb" ] ],
    [ "pico:GP10", "bb1:17t.c", "", [ "$bb" ] ],
    [ "pico:GP11", "bb1:16t.c", "", [ "$bb" ] ],
    [ "pico:GP12", "bb1:15t.c", "", [ "$bb" ] ],
    [ "pico:GP13", "bb1:14t.c", "", [ "$bb" ] ],
    [ "pico:GND.4", "bb1:13t.c", "", [ "$bb" ] ],
    [ "pico:GP14", "bb1:12t.c", "", [ "$bb" ] ],
    [ "pico:GP15", "bb1:11t.c", "", [ "$bb" ] ],
    [ "pico:GP16", "bb1:11b.h", "", [ "$bb" ] ],
    [ "pico:GP17", "bb1:12b.h", "", [ "$bb" ] ],
    [ "pico:GND.5", "bb1:13b.h", "", [ "$bb" ] ],
    [ "pico:GP18", "bb1:14b.h", "", [ "$bb" ] ],
    [ "pico:GP19", "bb1:15b.h", "", [ "$bb" ] ],
    [ "pico:GP20", "bb1:16b.h", "", [ "$bb" ] ],
    [ "pico:GP21", "bb1:17b.h", "", [ "$bb" ] ],
    [ "pico:GND.6", "bb1:18b.h", "", [ "$bb" ] ],
    [ "pico:GP22", "bb1:19b.h", "", [ "$bb" ] ],
    [ "pico:RUN", "bb1:20b.h", "", [ "$bb" ] ],
    [ "pico:GP26", "bb1:21b.h", "", [ "$bb" ] ],
    [ "pico:GP27", "bb1:22b.h", "", [ "$bb" ] ],
    [ "pico:GND.7", "bb1:23b.h", "", [ "$bb" ] ],
    [ "pico:GP28", "bb1:24b.h", "", [ "$bb" ] ],
    [ "pico:ADC_VREF", "bb1:25b.h", "", [ "$bb" ] ],
    [ "pico:3V3", "bb1:26b.h", "", [ "$bb" ] ],
    [ "pico:3V3_EN", "bb1:27b.h", "", [ "$bb" ] ],
    [ "pico:GND.8", "bb1:28b.h", "", [ "$bb" ] ],
    [ "pico:VSYS", "bb1:29b.h", "", [ "$bb" ] ],
    [ "pico:VBUS", "bb1:30b.h", "", [ "$bb" ] ],
    [ "dht1:VCC", "bb1:2t.a", "", [ "$bb" ] ],
    [ "dht1:SDA", "bb1:3t.a", "", [ "$bb" ] ],
    [ "dht1:NC", "bb1:4t.a", "", [ "$bb" ] ],
    [ "dht1:GND", "bb1:5t.a", "", [ "$bb" ] ],
    [ "r1:1", "bb1:3t.c", "", [ "$bb" ] ],
    [ "r1:2", "bb1:3b.g", "", [ "$bb" ] ],
    [ "led1:A", "bb1:8b.i", "", [ "$bb" ] ],
    [ "led1:C", "bb1:7b.i", "", [ "$bb" ] ],
    [ "r2:1", "bb1:8t.b", "", [ "$bb" ] ],
    [ "r2:2", "bb1:8b.f", "", [ "$bb" ] ],
    [ "bb1:3t.b", "bb1:11t.a", "blue", [ "h-96", "v-134.4", "h172.8" ] ],
    [ "bb1:8t.a", "bb1:12t.a", "red", [ "v0" ] ]
  ],
  "dependencies": {}
}