{
  "version": 1,
  "author": "Anonymous maker",
  "editor": "wokwi",
  "parts": [
    { "type": "wokwi-breadboard-half", "id": "bb1", "top": -60.6, "left": -179.6, "attrs": {} },
    {
      "type": "wokwi-pi-pico",
      "id": "pico",
      "top": -56.7,
      "left": -105.85,
      "rotate": 270,
      "attrs": { "env": "micropython-20220618-v1.19.1" }
    },
    {
      "type": "wokwi-photoresistor-sensor",
      "id": "ldr1",
      "top": -57.9,
      "left": 13.7,
      "rotate": 90,
      "attrs": {}
    }
  ],
  "connections": [
    [ "bb1:5t.a", "bb1:tp.4", "red", [ "v0" ] ],
    [ "bb1:bp.18", "bb1:tp.18", "red", [ "v0" ] ],
    [ "bb1:3b.j", "bb1:bn.2", "black", [ "v0" ] ],
    [ "bb1:29b.j", "bb1:bp.24", "red", [ "v0" ] ],
    [ "bb1:28b.j", "bb1:bn.23", "black", [ "v0" ] ],
    [ "bb1:26b.h", "bb1:9t.a", "gold", [ "h-44.35", "v-86.4" ] ],
    [ "pico:GP0", "bb1:1b.h", "", [ "$bb" ] ],
    [ "pico:GP1", "bb1:2b.h", "", [ "$bb" ] ],
    [ "pico:GND.1", "bb1:3b.h", "", [ "$bb" ] ],
    [ "pico:GP2", "bb1:4b.h", "", [ "$bb" ] ],
    [ "pico:GP3", "bb1:5b.h", "", [ "$bb" ] ],
    [ "pico:GP4", "bb1:6b.h", "", [ "$bb" ] ],
    [ "pico:GP5", "bb1:7b.h", "", [ "$bb" ] ],
    [ "pico:GND.2", "bb1:8b.h", "", [ "$bb" ] ],
    [ "pico:GP6", "bb1:9b.h", "", [ "$bb" ] ],
    [ "pico:GP7", "bb1:10b.h", "", [ "$bb" ] ],
    [ "pico:GP8", "bb1:11b.h", "", [ "$bb" ] ],
    [ "pico:GP9", "bb1:12b.h", "", [ "$bb" ] ],
    [ "pico:GND.3", "bb1:13b.h", "", [ "$bb" ] ],
    [ "pico:GP10", "bb1:14b.h", "", [ "$bb" ] ],
    [ "pico:GP11", "bb1:15b.h", "", [ "$bb" ] ],
    [ "pico:GP12", "bb1:16b.h", "", [ "$bb" ] ],
    [ "pico:GP13", "bb1:17b.h", "", [ "$bb" ] ],
    [ "pico:GND.4", "bb1:18b.h", "", [ "$bb" ] ],
    [ "pico:GP14", "bb1:19b.h", "", [ "$bb" ] ],
    [ "pico:GP15", "bb1:20b.h", "", [ "$bb" ] ],
    [ "pico:GP16", "bb1:20t.c", "", [ "$bb" ] ],
    [ "pico:GP17", "bb1:19t.c", "", [ "$bb" ] ],
    [ "pico:GND.5", "bb1:18t.c", "", [ "$bb" ] ],
    [ "pico:GP18", "bb1:17t.c", "", [ "$bb" ] ],
    [ "pico:GP19", "bb1:16t.c", "", [ "$bb" ] ],
    [ "pico:GP20", "bb1:15t.c", "", [ "$bb" ] ],
    [ "pico:GP21", "bb1:14t.c", "", [ "$bb" ] ],
    [ "pico:GND.6", "bb1:13t.c", "", [ "$bb" ] ],
    [ "pico:GP22", "bb1:12t.c", "", [ "$bb" ] ],
    [ "pico:RUN", "bb1:11t.c", "", [ "$bb" ] ],
    [ "pico:GP26", "bb1:10t.c", "", [ "$bb" ] ],
    [ "pico:GP27", "bb1:9t.c", "", [ "$bb" ] ],
    [ "pico:GND.7", "bb1:8t.c", "", [ "$bb" ] ],
    [ "pico:GP28", "bb1:7t.c", "", [ "$bb" ] ],
    [ "pico:ADC_VREF", "bb1:6t.c", "", [ "$bb" ] ],
    [ "pico:3V3", "bb1:5t.c", "", [ "$bb" ] ],
    [ "pico:3V3_EN", "bb1:4t.c", "", [ "$bb" ] ],
    [ "pico:GND.8", "bb1:3t.c", "", [ "$bb" ] ],
    [ "pico:VSYS", "bb1:2t.c", "", [ "$bb" ] ],
    [ "pico:VBUS", "bb1:1t.c", "", [ "$bb" ] ],
    [ "ldr1:VCC", "bb1:29b.f", "", [ "$bb" ] ],
    [ "ldr1:GND", "bb1:28b.f", "", [ "$bb" ] ],
    [ "ldr1:DO", "bb1:27b.f", "", [ "$bb" ] ],
    [ "ldr1:AO", "bb1:26b.f", "", [ "$bb" ] ]
  ],
  "dependencies": {}
}