{
  "version": 1,
  "author": "MARLON FANGER RODRIGUES",
  "editor": "wokwi",
  "parts": [
    { "type": "wokwi-breadboard", "id": "bb1", "top": -79.8, "left": -102.8, "attrs": {} },
    {
      "type": "wokwi-pi-pico",
      "id": "pico",
      "top": -76.1,
      "left": 391.65,
      "rotate": 90,
      "attrs": { "env": "micropython-20241129-v1.24.1" }
    },
    {
      "type": "wokwi-hc-sr04",
      "id": "ultrasonic1",
      "top": -94.5,
      "left": -138.5,
      "attrs": { "distance": "207" }
    },
    {
      "type": "wokwi-resistor",
      "id": "r1",
      "top": -34.45,
      "left": 86.4,
      "attrs": { "value": "1000" }
    },
    {
      "type": "wokwi-resistor",
      "id": "r2",
      "top": -5.65,
      "left": 144,
      "attrs": { "value": "2000" }
    }
  ],
  "connections": [
    [ "pico:3V3", "bb1:bp.48", "red", [ "v0" ] ],
    [ "bb1:2t.e", "bb1:bp.1", "red", [ "v0" ] ],
    [ "bb1:3t.e", "pico:GP2", "violet", [ "v19.2", "h384", "v-57.6", "h163.2" ] ],
    [ "bb1:5t.e", "bb1:bn.3", "black", [ "v0" ] ],
    [ "pico:GND.8", "bb1:bn.50", "black", [ "v0" ] ],
    [ "bb1:4t.e", "bb1:18t.d", "orange", [ "v9.6", "h134.4" ] ],
    [ "bb1:30t.e", "bb1:bn.24", "black", [ "v0" ] ],
    [ "bb1:24t.b", "bb1:59t.b", "orange", [ "v0" ] ],
    [ "pico:GP0", "bb1:63t.c", "", [ "$bb" ] ],
    [ "pico:GP1", "bb1:62t.c", "", [ "$bb" ] ],
    [ "pico:GND.1", "bb1:61t.c", "", [ "$bb" ] ],
    [ "pico:GP2", "bb1:60t.c", "", [ "$bb" ] ],
    [ "pico:GP3", "bb1:59t.c", "", [ "$bb" ] ],
    [ "pico:GP4", "bb1:58t.c", "", [ "$bb" ] ],
    [ "pico:GP5", "bb1:57t.c", "", [ "$bb" ] ],
    [ "pico:GND.2", "bb1:56t.c", "", [ "$bb" ] ],
    [ "pico:GP6", "bb1:55t.c", "", [ "$bb" ] ],
    [ "pico:GP7", "bb1:54t.c", "", [ "$bb" ] ],
    [ "pico:GP8", "bb1:53t.c", "", [ "$bb" ] ],
    [ "pico:GP9", "bb1:52t.c", "", [ "$bb" ] ],
    [ "pico:GND.3", "bb1:51t.c", "", [ "$bb" ] ],
    [ "pico:GP10", "bb1:50t.c", "", [ "$bb" ] ],
    [ "pico:GP11", "bb1:49t.c", "", [ "$bb" ] ],
    [ "pico:GP12", "bb1:48t.c", "", [ "$bb" ] ],
    [ "pico:GP13", "bb1:47t.c", "", [ "$bb" ] ],
    [ "pico:GND.4", "bb1:46t.c", "", [ "$bb" ] ],
    [ "pico:GP14", "bb1:45t.c", "", [ "$bb" ] ],
    [ "pico:GP15", "bb1:44t.c", "", [ "$bb" ] ],
    [ "pico:GP16", "bb1:44b.h", "", [ "$bb" ] ],
    [ "pico:GP17", "bb1:45b.h", "", [ "$bb" ] ],
    [ "pico:GND.5", "bb1:46b.h", "", [ "$bb" ] ],
    [ "pico:GP18", "bb1:47b.h", "", [ "$bb" ] ],
    [ "pico:GP19", "bb1:48b.h", "", [ "$bb" ] ],
    [ "pico:GP20", "bb1:49b.h", "", [ "$bb" ] ],
    [ "pico:GP21", "bb1:50b.h", "", [ "$bb" ] ],
    [ "pico:GND.6", "bb1:51b.h", "", [ "$bb" ] ],
    [ "pico:GP22", "bb1:52b.h", "", [ "$bb" ] ],
    [ "pico:RUN", "bb1:53b.h", "", [ "$bb" ] ],
    [ "pico:GP26", "bb1:54b.h", "", [ "$bb" ] ],
    [ "pico:GP27", "bb1:55b.h", "", [ "$bb" ] ],
    [ "pico:GND.7", "bb1:56b.h", "", [ "$bb" ] ],
    [ "pico:GP28", "bb1:57b.h", "", [ "$bb" ] ],
    [ "pico:ADC_VREF", "bb1:58b.h", "", [ "$bb" ] ],
    [ "pico:3V3", "bb1:59b.h", "", [ "$bb" ] ],
    [ "pico:3V3_EN", "bb1:60b.h", "", [ "$bb" ] ],
    [ "pico:GND.8", "bb1:61b.h", "", [ "$bb" ] ],
    [ "pico:VSYS", "bb1:62b.h", "", [ "$bb" ] ],
    [ "pico:VBUS", "bb1:63b.h", "", [ "$bb" ] ],
    [ "r1:1", "bb1:18t.a", "", [ "$bb" ] ],
    [ "r1:2", "bb1:24t.a", "", [ "$bb" ] ],
    [ "r2:1", "bb1:24t.d", "", [ "$bb" ] ],
    [ "r2:2", "bb1:30t.d", "", [ "$bb" ] ],
    [ "ultrasonic1:VCC", "bb1:2t.d", "", [ "$bb" ] ],
    [ "ultrasonic1:TRIG", "bb1:3t.d", "", [ "$bb" ] ],
    [ "ultrasonic1:ECHO", "bb1:4t.d", "", [ "$bb" ] ],
    [ "ultrasonic1:GND", "bb1:5t.d", "", [ "$bb" ] ]
  ],
  "dependencies": {}
}