{
  "version": 1,
  "author": "Anonymous maker",
  "editor": "wokwi",
  "parts": [
    { "type": "wokwi-breadboard", "id": "bb1", "top": -31.8, "left": -45.2, "attrs": {} },
    {
      "type": "wokwi-pi-pico",
      "id": "pico",
      "top": -28.1,
      "left": 449.25,
      "rotate": 90,
      "attrs": { "env": "micropython-20241129-v1.24.1" }
    },
    {
      "type": "wokwi-servo",
      "id": "servo1",
      "top": -29.8,
      "left": 30.6,
      "rotate": 270,
      "attrs": {}
    },
    {
      "type": "wokwi-gas-sensor",
      "id": "gas1",
      "top": 15.2,
      "left": 262.1,
      "rotate": 90,
      "attrs": {}
    }
  ],
  "connections": [
    [ "bb1:59b.j", "bb1:bp.48", "red", [ "v0" ] ],
    [ "bb1:36b.j", "bb1:bp.29", "red", [ "v0" ] ],
    [ "bb1:37b.j", "bb1:bn.30", "black", [ "v0" ] ],
    [ "pico:GP0", "bb1:63t.c", "", [ "$bb" ] ],
    [ "pico:GP1", "bb1:62t.c", "", [ "$bb" ] ],
    [ "pico:GND.1", "bb1:61t.c", "", [ "$bb" ] ],
    [ "pico:GP2", "bb1:60t.c", "", [ "$bb" ] ],
    [ "pico:GP3", "bb1:59t.c", "", [ "$bb" ] ],
    [ "pico:GP4", "bb1:58t.c", "", [ "$bb" ] ],
    [ "pico:GP5", "bb1:57t.c", "", [ "$bb" ] ],
    [ "pico:GND.2", "bb1:56t.c", "", [ "$bb" ] ],
    [ "pico:GP6", "bb1:55t.c", "", [ "$bb" ] ],
    [ "pico:GP7", "bb1:54t.c", "", [ "$bb" ] ],
    [ "pico:GP8", "bb1:53t.c", "", [ "$bb" ] ],
    [ "pico:GP9", "bb1:52t.c", "", [ "$bb" ] ],
    [ "pico:GND.3", "bb1:51t.c", "", [ "$bb" ] ],
    [ "pico:GP10", "bb1:50t.c", "", [ "$bb" ] ],
    [ "pico:GP11", "bb1:49t.c", "", [ "$bb" ] ],
    [ "pico:GP12", "bb1:48t.c", "", [ "$bb" ] ],
    [ "pico:GP13", "bb1:47t.c", "", [ "$bb" ] ],
    [ "pico:GND.4", "bb1:46t.c", "", [ "$bb" ] ],
    [ "pico:GP14", "bb1:45t.c", "", [ "$bb" ] ],
    [ "pico:GP15", "bb1:44t.c", "", [ "$bb" ] ],
    [ "pico:GP16", "bb1:44b.h", "", [ "$bb" ] ],
    [ "pico:GP17", "bb1:45b.h", "", [ "$bb" ] ],
    [ "pico:GND.5", "bb1:46b.h", "", [ "$bb" ] ],
    [ "pico:GP18", "bb1:47b.h", "", [ "$bb" ] ],
    [ "pico:GP19", "bb1:48b.h", "", [ "$bb" ] ],
    [ "pico:GP20", "bb1:49b.h", "", [ "$bb" ] ],
    [ "pico:GP21", "bb1:50b.h", "", [ "$bb" ] ],
    [ "pico:GND.6", "bb1:51b.h", "", [ "$bb" ] ],
    [ "pico:GP22", "bb1:52b.h", "", [ "$bb" ] ],
    [ "pico:RUN", "bb1:53b.h", "", [ "$bb" ] ],
    [ "pico:GP26", "bb1:54b.h", "", [ "$bb" ] ],
    [ "pico:GP27", "bb1:55b.h", "", [ "$bb" ] ],
    [ "pico:GND.7", "bb1:56b.h", "", [ "$bb" ] ],
    [ "pico:GP28", "bb1:57b.h", "", [ "$bb" ] ],
    [ "pico:ADC_VREF", "bb1:58b.h", "", [ "$bb" ] ],
    [ "pico:3V3", "bb1:59b.h", "", [ "$bb" ] ],
    [ "pico:3V3_EN", "bb1:60b.h", "", [ "$bb" ] ],
    [ "pico:GND.8", "bb1:61b.h", "", [ "$bb" ] ],
    [ "pico:VSYS", "bb1:62b.h", "", [ "$bb" ] ],
    [ "pico:VBUS", "bb1:63b.h", "", [ "$bb" ] ],
    [ "bb1:61b.j", "bb1:bn.50", "black", [ "v0" ] ],
    [ "bb1:14b.j", "bb1:bn.11", "black", [ "v0" ] ],
    [ "bb1:15b.j", "bb1:bp.11", "red", [ "v0" ] ],
    [ "bb1:16b.j", "bb1:44t.b", "orange", [ "h19.2", "v-163.2", "h249.6" ] ],
    [ "bb1:39b.j", "bb1:54b.j", "blue", [ "v0" ] ],
    [ "gas1:AOUT", "bb1:39b.i", "", [ "$bb" ] ],
    [ "gas1:DOUT", "bb1:38b.i", "", [ "$bb" ] ],
    [ "gas1:GND", "bb1:37b.i", "", [ "$bb" ] ],
    [ "gas1:VCC", "bb1:36b.i", "", [ "$bb" ] ],
    [ "servo1:GND", "bb1:14b.i", "", [ "$bb" ] ],
    [ "servo1:V+", "bb1:15b.i", "", [ "$bb" ] ],
    [ "servo1:PWM", "bb1:16b.i", "", [ "$bb" ] ]
  ],
  "dependencies": {}
}