{
  "version": 1,
  "author": "MARLON FANGER RODRIGUES",
  "editor": "wokwi",
  "parts": [
    { "type": "wokwi-breadboard-half", "id": "bb1", "top": -70.2, "left": -198.8, "attrs": {} },
    {
      "type": "wokwi-pi-pico",
      "id": "pico",
      "top": -66.5,
      "left": -21.15,
      "rotate": 90,
      "attrs": { "env": "micropython-20241129-v1.24.1" }
    },
    {
      "type": "wokwi-pir-motion-sensor",
      "id": "pir1",
      "top": -15.2,
      "left": -189.78,
      "attrs": {}
    }
  ],
  "connections": [
    [ "pico:GP0", "bb1:30t.c", "", [ "$bb" ] ],
    [ "pico:GP1", "bb1:29t.c", "", [ "$bb" ] ],
    [ "pico:GND.1", "bb1:28t.c", "", [ "$bb" ] ],
    [ "pico:GP2", "bb1:27t.c", "", [ "$bb" ] ],
    [ "pico:GP3", "bb1:26t.c", "", [ "$bb" ] ],
    [ "pico:GP4", "bb1:25t.c", "", [ "$bb" ] ],
    [ "pico:GP5", "bb1:24t.c", "", [ "$bb" ] ],
    [ "pico:GND.2", "bb1:23t.c", "", [ "$bb" ] ],
    [ "pico:GP6", "bb1:22t.c", "", [ "$bb" ] ],
    [ "pico:GP7", "bb1:21t.c", "", [ "$bb" ] ],
    [ "pico:GP8", "bb1:20t.c", "", [ "$bb" ] ],
    [ "pico:GP9", "bb1:19t.c", "", [ "$bb" ] ],
    [ "pico:GND.3", "bb1:18t.c", "", [ "$bb" ] ],
    [ "pico:GP10", "bb1:17t.c", "", [ "$bb" ] ],
    [ "pico:GP11", "bb1:16t.c", "", [ "$bb" ] ],
    [ "pico:GP12", "bb1:15t.c", "", [ "$bb" ] ],
    [ "pico:GP13", "bb1:14t.c", "", [ "$bb" ] ],
    [ "pico:GND.4", "bb1:13t.c", "", [ "$bb" ] ],
    [ "pico:GP14", "bb1:12t.c", "", [ "$bb" ] ],
    [ "pico:GP15", "bb1:11t.c", "", [ "$bb" ] ],
    [ "pico:GP16", "bb1:11b.h", "", [ "$bb" ] ],
    [ "pico:GP17", "bb1:12b.h", "", [ "$bb" ] ],
    [ "pico:GND.5", "bb1:13b.h", "", [ "$bb" ] ],
    [ "pico:GP18", "bb1:14b.h", "", [ "$bb" ] ],
    [ "pico:GP19", "bb1:15b.h", "", [ "$bb" ] ],
    [ "pico:GP20", "bb1:16b.h", "", [ "$bb" ] ],
    [ "pico:GP21", "bb1:17b.h", "", [ "$bb" ] ],
    [ "pico:GND.6", "bb1:18b.h", "", [ "$bb" ] ],
    [ "pico:GP22", "bb1:19b.h", "", [ "$bb" ] ],
    [ "pico:RUN", "bb1:20b.h", "", [ "$bb" ] ],
    [ "pico:GP26", "bb1:21b.h", "", [ "$bb" ] ],
    [ "pico:GP27", "bb1:22b.h", "", [ "$bb" ] ],
    [ "pico:GND.7", "bb1:23b.h", "", [ "$bb" ] ],
    [ "pico:GP28", "bb1:24b.h", "", [ "$bb" ] ],
    [ "pico:ADC_VREF", "bb1:25b.h", "", [ "$bb" ] ],
    [ "pico:3V3", "bb1:26b.h", "", [ "$bb" ] ],
    [ "pico:3V3_EN", "bb1:27b.h", "", [ "$bb" ] ],
    [ "pico:GND.8", "bb1:28b.h", "", [ "$bb" ] ],
    [ "pico:VSYS", "bb1:29b.h", "", [ "$bb" ] ],
    [ "pico:VBUS", "bb1:30b.h", "", [ "$bb" ] ],
    [ "pir1:VCC", "bb1:3b.i", "", [ "$bb" ] ],
    [ "pir1:OUT", "bb1:4b.i", "", [ "$bb" ] ],
    [ "pir1:GND", "bb1:5b.i", "", [ "$bb" ] ],
    [ "bb1:26b.j", "bb1:bp.21", "red", [ "v0" ] ],
    [ "bb1:28b.j", "bb1:bn.23", "black", [ "v0" ] ],
    [ "bb1:3b.j", "bb1:bp.2", "red", [ "v0" ] ],
    [ "bb1:5b.j", "bb1:bn.4", "black", [ "v0" ] ],
    [ "bb1:4b.j", "bb1:11t.b", "orange", [ "v9.6", "h57.6", "v-105.6" ] ]
  ],
  "dependencies": {}
}